Driver,LapNumber,LapTime,TyreLife,Compound,Stint,LapTimeSec
VER,1.0,0 days 00:01:37.284000,4.0,SOFT,1.0,97.284
VER,2.0,0 days 00:01:36.296000,5.0,SOFT,1.0,96.296
VER,3.0,0 days 00:01:36.753000,6.0,SOFT,1.0,96.753
VER,4.0,0 days 00:01:36.647000,7.0,SOFT,1.0,96.647
VER,5.0,0 days 00:01:37.173000,8.0,SOFT,1.0,97.173
VER,6.0,0 days 00:01:37.092000,9.0,SOFT,1.0,97.092
VER,7.0,0 days 00:01:37.038000,10.0,SOFT,1.0,97.038
VER,8.0,0 days 00:01:37.024000,11.0,SOFT,1.0,97.024
VER,9.0,0 days 00:01:37.229000,12.0,SOFT,1.0,97.229
VER,10.0,0 days 00:01:36.960000,13.0,SOFT,1.0,96.96
VER,11.0,0 days 00:01:37.085000,14.0,SOFT,1.0,97.085
VER,12.0,0 days 00:01:37.045000,15.0,SOFT,1.0,97.045
VER,13.0,0 days 00:01:37.030000,16.0,SOFT,1.0,97.03
VER,14.0,0 days 00:01:37.028000,17.0,SOFT,1.0,97.028
VER,15.0,0 days 00:01:37.011000,18.0,SOFT,1.0,97.011
VER,16.0,0 days 00:01:37.168000,19.0,SOFT,1.0,97.168
VER,17.0,0 days 00:01:39.896000,20.0,SOFT,1.0,99.896
VER,19.0,0 days 00:01:35.283000,2.0,HARD,2.0,95.283
VER,20.0,0 days 00:01:35.160000,3.0,HARD,2.0,95.16
VER,21.0,0 days 00:01:35.316000,4.0,HARD,2.0,95.316
VER,22.0,0 days 00:01:35.204000,5.0,HARD,2.0,95.204
VER,23.0,0 days 00:01:35.216000,6.0,HARD,2.0,95.216
VER,24.0,0 days 00:01:35.289000,7.0,HARD,2.0,95.289
VER,25.0,0 days 00:01:35.342000,8.0,HARD,2.0,95.342
VER,26.0,0 days 00:01:35.223000,9.0,HARD,2.0,95.223
VER,27.0,0 days 00:01:35.581000,10.0,HARD,2.0,95.581
VER,28.0,0 days 00:01:35.477000,11.0,HARD,2.0,95.477
VER,29.0,0 days 00:01:35.793000,12.0,HARD,2.0,95.793
VER,30.0,0 days 00:01:35.771000,13.0,HARD,2.0,95.771
VER,31.0,0 days 00:01:35.679000,14.0,HARD,2.0,95.679
VER,32.0,0 days 00:01:35.886000,15.0,HARD,2.0,95.886
VER,33.0,0 days 00:01:35.863000,16.0,HARD,2.0,95.863
VER,34.0,0 days 00:01:36.133000,17.0,HARD,2.0,96.133
VER,35.0,0 days 00:01:36.018000,18.0,HARD,2.0,96.018
VER,36.0,0 days 00:01:36.205000,19.0,HARD,2.0,96.205
VER,37.0,0 days 00:01:39.234000,20.0,HARD,2.0,99.234
VER,39.0,0 days 00:01:32.608000,2.0,SOFT,3.0,92.608
VER,40.0,0 days 00:01:36.589000,3.0,SOFT,3.0,96.589
VER,41.0,0 days 00:01:35.290000,4.0,SOFT,3.0,95.29
VER,42.0,0 days 00:01:34.667000,5.0,SOFT,3.0,94.667
VER,43.0,0 days 00:01:34.151000,6.0,SOFT,3.0,94.151
VER,44.0,0 days 00:01:34.531000,7.0,SOFT,3.0,94.531
VER,45.0,0 days 00:01:34.249000,8.0,SOFT,3.0,94.249
VER,46.0,0 days 00:01:34.193000,9.0,SOFT,3.0,94.193
VER,47.0,0 days 00:01:34.239000,10.0,SOFT,3.0,94.239
VER,48.0,0 days 00:01:34.350000,11.0,SOFT,3.0,94.35
VER,49.0,0 days 00:01:34.403000,12.0,SOFT,3.0,94.403
VER,50.0,0 days 00:01:34.783000,13.0,SOFT,3.0,94.783
VER,51.0,0 days 00:01:34.340000,14.0,SOFT,3.0,94.34
VER,52.0,0 days 00:01:34.906000,15.0,SOFT,3.0,94.906
VER,53.0,0 days 00:01:35.600000,16.0,SOFT,3.0,95.6
VER,54.0,0 days 00:01:35.334000,17.0,SOFT,3.0,95.334
VER,55.0,0 days 00:01:35.184000,18.0,SOFT,3.0,95.184
VER,56.0,0 days 00:01:34.671000,19.0,SOFT,3.0,94.671
VER,57.0,0 days 00:01:34.923000,20.0,SOFT,3.0,94.923
PER,1.0,0 days 00:01:40.053000,4.0,SOFT,1.0,100.053
PER,2.0,0 days 00:01:36.541000,5.0,SOFT,1.0,96.541
PER,3.0,0 days 00:01:37.297000,6.0,SOFT,1.0,97.297
PER,4.0,0 days 00:01:37.722000,7.0,SOFT,1.0,97.722
PER,5.0,0 days 00:01:38.044000,8.0,SOFT,1.0,98.044
PER,6.0,0 days 00:01:37.823000,9.0,SOFT,1.0,97.823
PER,7.0,0 days 00:01:37.821000,10.0,SOFT,1.0,97.821
PER,8.0,0 days 00:01:37.838000,11.0,SOFT,1.0,97.838
PER,9.0,0 days 00:01:37.596000,12.0,SOFT,1.0,97.596
PER,10.0,0 days 00:01:37.630000,13.0,SOFT,1.0,97.63
PER,11.0,0 days 00:01:37.836000,14.0,SOFT,1.0,97.836
PER,12.0,0 days 00:01:40.277000,15.0,SOFT,1.0,100.277
PER,14.0,0 days 00:01:35.606000,2.0,HARD,2.0,95.606
PER,15.0,0 days 00:01:36.815000,3.0,HARD,2.0,96.815
PER,16.0,0 days 00:01:35.783000,4.0,HARD,2.0,95.783
PER,17.0,0 days 00:01:36.454000,5.0,HARD,2.0,96.454
PER,18.0,0 days 00:01:36.311000,6.0,HARD,2.0,96.311
PER,19.0,0 days 00:01:36.038000,7.0,HARD,2.0,96.038
PER,20.0,0 days 00:01:36.278000,8.0,HARD,2.0,96.278
PER,21.0,0 days 00:01:36.165000,9.0,HARD,2.0,96.165
PER,22.0,0 days 00:01:36.037000,10.0,HARD,2.0,96.037
PER,23.0,0 days 00:01:36.249000,11.0,HARD,2.0,96.249
PER,24.0,0 days 00:01:36.211000,12.0,HARD,2.0,96.211
PER,25.0,0 days 00:01:36.344000,13.0,HARD,2.0,96.344
PER,26.0,0 days 00:01:36.347000,14.0,HARD,2.0,96.347
PER,27.0,0 days 00:01:36.233000,15.0,HARD,2.0,96.233
PER,28.0,0 days 00:01:36.226000,16.0,HARD,2.0,96.226
PER,29.0,0 days 00:01:36.437000,17.0,HARD,2.0,96.437
PER,30.0,0 days 00:01:36.313000,18.0,HARD,2.0,96.313
PER,31.0,0 days 00:01:36.339000,19.0,HARD,2.0,96.339
PER,32.0,0 days 00:01:36.276000,20.0,HARD,2.0,96.276
PER,33.0,0 days 00:01:36.564000,21.0,HARD,2.0,96.564
PER,34.0,0 days 00:01:36.378000,22.0,HARD,2.0,96.378
PER,35.0,0 days 00:01:36.776000,23.0,HARD,2.0,96.776
PER,36.0,0 days 00:01:39.365000,24.0,HARD,2.0,99.365
PER,38.0,0 days 00:01:34.804000,2.0,SOFT,3.0,94.804
PER,39.0,0 days 00:01:34.607000,3.0,SOFT,3.0,94.607
PER,40.0,0 days 00:01:34.364000,4.0,SOFT,3.0,94.364
PER,41.0,0 days 00:01:34.400000,5.0,SOFT,3.0,94.4
PER,42.0,0 days 00:01:34.525000,6.0,SOFT,3.0,94.525
PER,43.0,0 days 00:01:34.797000,7.0,SOFT,3.0,94.797
PER,44.0,0 days 00:01:34.799000,8.0,SOFT,3.0,94.799
PER,45.0,0 days 00:01:34.592000,9.0,SOFT,3.0,94.592
PER,46.0,0 days 00:01:34.844000,10.0,SOFT,3.0,94.844
PER,47.0,0 days 00:01:34.730000,11.0,SOFT,3.0,94.73
PER,48.0,0 days 00:01:34.885000,12.0,SOFT,3.0,94.885
PER,49.0,0 days 00:01:34.966000,13.0,SOFT,3.0,94.966
PER,50.0,0 days 00:01:35.082000,14.0,SOFT,3.0,95.082
PER,51.0,0 days 00:01:34.940000,15.0,SOFT,3.0,94.94
PER,52.0,0 days 00:01:35.183000,16.0,SOFT,3.0,95.183
PER,53.0,0 days 00:01:35.842000,17.0,SOFT,3.0,95.842
PER,54.0,0 days 00:01:35.459000,18.0,SOFT,3.0,95.459
PER,55.0,0 days 00:01:35.611000,19.0,SOFT,3.0,95.611
PER,56.0,0 days 00:01:35.568000,20.0,SOFT,3.0,95.568
PER,57.0,0 days 00:01:35.746000,21.0,SOFT,3.0,95.746
SAI,1.0,0 days 00:01:40.620000,4.0,SOFT,1.0,100.62
SAI,2.0,0 days 00:01:37.236000,5.0,SOFT,1.0,97.236
SAI,3.0,0 days 00:01:37.080000,6.0,SOFT,1.0,97.08
SAI,4.0,0 days 00:01:37.264000,7.0,SOFT,1.0,97.264
SAI,5.0,0 days 00:01:38.032000,8.0,SOFT,1.0,98.032
SAI,6.0,0 days 00:01:37.741000,9.0,SOFT,1.0,97.741
SAI,7.0,0 days 00:01:38.260000,10.0,SOFT,1.0,98.26
SAI,8.0,0 days 00:01:38.183000,11.0,SOFT,1.0,98.183
SAI,9.0,0 days 00:01:38.030000,12.0,SOFT,1.0,98.03
SAI,10.0,0 days 00:01:37.608000,13.0,SOFT,1.0,97.608
SAI,11.0,0 days 00:01:37.656000,14.0,SOFT,1.0,97.656
SAI,12.0,0 days 00:01:37.650000,15.0,SOFT,1.0,97.65
SAI,13.0,0 days 00:01:37.243000,16.0,SOFT,1.0,97.243
SAI,14.0,0 days 00:01:39.753000,17.0,SOFT,1.0,99.753
SAI,16.0,0 days 00:01:36.376000,2.0,HARD,2.0,96.376
SAI,17.0,0 days 00:01:35.507000,3.0,HARD,2.0,95.507
SAI,18.0,0 days 00:01:36.088000,4.0,HARD,2.0,96.088
SAI,19.0,0 days 00:01:36.236000,5.0,HARD,2.0,96.236
SAI,20.0,0 days 00:01:36.034000,6.0,HARD,2.0,96.034
SAI,21.0,0 days 00:01:36.104000,7.0,HARD,2.0,96.104
SAI,22.0,0 days 00:01:36.008000,8.0,HARD,2.0,96.008
SAI,23.0,0 days 00:01:36.149000,9.0,HARD,2.0,96.149
SAI,24.0,0 days 00:01:36.200000,10.0,HARD,2.0,96.2
SAI,25.0,0 days 00:01:36.220000,11.0,HARD,2.0,96.22
SAI,26.0,0 days 00:01:36.221000,12.0,HARD,2.0,96.221
SAI,27.0,0 days 00:01:36.272000,13.0,HARD,2.0,96.272
SAI,28.0,0 days 00:01:36.534000,14.0,HARD,2.0,96.534
SAI,29.0,0 days 00:01:36.600000,15.0,HARD,2.0,96.6
SAI,30.0,0 days 00:01:36.337000,16.0,HARD,2.0,96.337
SAI,31.0,0 days 00:01:36.537000,17.0,HARD,2.0,96.537
SAI,32.0,0 days 00:01:36.762000,18.0,HARD,2.0,96.762
SAI,33.0,0 days 00:01:36.556000,19.0,HARD,2.0,96.556
SAI,34.0,0 days 00:01:36.551000,20.0,HARD,2.0,96.551
SAI,35.0,0 days 00:01:39.274000,21.0,HARD,2.0,99.274
SAI,37.0,0 days 00:01:35.302000,2.0,HARD,3.0,95.302
SAI,38.0,0 days 00:01:35.100000,3.0,HARD,3.0,95.1
SAI,39.0,0 days 00:01:34.709000,4.0,HARD,3.0,94.709
SAI,40.0,0 days 00:01:34.739000,5.0,HARD,3.0,94.739
SAI,41.0,0 days 00:01:35.041000,6.0,HARD,3.0,95.041
SAI,42.0,0 days 00:01:34.861000,7.0,HARD,3.0,94.861
SAI,43.0,0 days 00:01:34.795000,8.0,HARD,3.0,94.795
SAI,44.0,0 days 00:01:34.507000,9.0,HARD,3.0,94.507
SAI,45.0,0 days 00:01:34.790000,10.0,HARD,3.0,94.79
SAI,46.0,0 days 00:01:34.853000,11.0,HARD,3.0,94.853
SAI,47.0,0 days 00:01:34.901000,12.0,HARD,3.0,94.901
SAI,48.0,0 days 00:01:34.981000,13.0,HARD,3.0,94.981
SAI,49.0,0 days 00:01:35.440000,14.0,HARD,3.0,95.44
SAI,50.0,0 days 00:01:35.142000,15.0,HARD,3.0,95.142
SAI,51.0,0 days 00:01:35.282000,16.0,HARD,3.0,95.282
SAI,52.0,0 days 00:01:35.083000,17.0,HARD,3.0,95.083
SAI,53.0,0 days 00:01:35.211000,18.0,HARD,3.0,95.211
SAI,54.0,0 days 00:01:35.309000,19.0,HARD,3.0,95.309
SAI,55.0,0 days 00:01:35.407000,20.0,HARD,3.0,95.407
SAI,56.0,0 days 00:01:35.305000,21.0,HARD,3.0,95.305
SAI,57.0,0 days 00:01:35.327000,22.0,HARD,3.0,95.327
LEC,1.0,0 days 00:01:38.271000,4.0,SOFT,1.0,98.271
LEC,2.0,0 days 00:01:36.862000,5.0,SOFT,1.0,96.862
LEC,3.0,0 days 00:01:38.062000,6.0,SOFT,1.0,98.062
LEC,4.0,0 days 00:01:37.752000,7.0,SOFT,1.0,97.752
LEC,5.0,0 days 00:01:38.131000,8.0,SOFT,1.0,98.131
LEC,6.0,0 days 00:01:37.782000,9.0,SOFT,1.0,97.782
LEC,7.0,0 days 00:01:38.957000,10.0,SOFT,1.0,98.957
LEC,8.0,0 days 00:01:38.136000,11.0,SOFT,1.0,98.136
LEC,9.0,0 days 00:01:37.844000,12.0,SOFT,1.0,97.844
LEC,10.0,0 days 00:01:37.884000,13.0,SOFT,1.0,97.884
LEC,11.0,0 days 00:01:41.737000,14.0,SOFT,1.0,101.737
LEC,13.0,0 days 00:01:36.432000,2.0,HARD,2.0,96.432
LEC,14.0,0 days 00:01:36.756000,3.0,HARD,2.0,96.756
LEC,15.0,0 days 00:01:36.813000,4.0,HARD,2.0,96.813
LEC,16.0,0 days 00:01:36.673000,5.0,HARD,2.0,96.673
LEC,17.0,0 days 00:01:37.302000,6.0,HARD,2.0,97.302
LEC,18.0,0 days 00:01:37.438000,7.0,HARD,2.0,97.438
LEC,19.0,0 days 00:01:36.821000,8.0,HARD,2.0,96.821
LEC,20.0,0 days 00:01:36.794000,9.0,HARD,2.0,96.794
LEC,21.0,0 days 00:01:36.977000,10.0,HARD,2.0,96.977
LEC,22.0,0 days 00:01:36.796000,11.0,HARD,2.0,96.796
LEC,23.0,0 days 00:01:36.987000,12.0,HARD,2.0,96.987
LEC,24.0,0 days 00:01:36.924000,13.0,HARD,2.0,96.924
LEC,25.0,0 days 00:01:36.760000,14.0,HARD,2.0,96.76
LEC,26.0,0 days 00:01:36.810000,15.0,HARD,2.0,96.81
LEC,27.0,0 days 00:01:36.831000,16.0,HARD,2.0,96.831
LEC,28.0,0 days 00:01:36.907000,17.0,HARD,2.0,96.907
LEC,29.0,0 days 00:01:36.963000,18.0,HARD,2.0,96.963
LEC,30.0,0 days 00:01:37.158000,19.0,HARD,2.0,97.158
LEC,31.0,0 days 00:01:37.031000,20.0,HARD,2.0,97.031
LEC,32.0,0 days 00:01:36.941000,21.0,HARD,2.0,96.941
LEC,33.0,0 days 00:01:36.741000,22.0,HARD,2.0,96.741
LEC,34.0,0 days 00:01:39.614000,23.0,HARD,2.0,99.614
LEC,36.0,0 days 00:01:34.090000,2.0,HARD,3.0,94.09
LEC,37.0,0 days 00:01:34.897000,3.0,HARD,3.0,94.897
LEC,38.0,0 days 00:01:34.783000,4.0,HARD,3.0,94.783
LEC,39.0,0 days 00:01:35.087000,5.0,HARD,3.0,95.087
LEC,40.0,0 days 00:01:34.859000,6.0,HARD,3.0,94.859
LEC,41.0,0 days 00:01:35.028000,7.0,HARD,3.0,95.028
LEC,42.0,0 days 00:01:34.982000,8.0,HARD,3.0,94.982
LEC,43.0,0 days 00:01:35.192000,9.0,HARD,3.0,95.192
LEC,44.0,0 days 00:01:35.051000,10.0,HARD,3.0,95.051
LEC,45.0,0 days 00:01:35.220000,11.0,HARD,3.0,95.22
LEC,46.0,0 days 00:01:35.058000,12.0,HARD,3.0,95.058
LEC,47.0,0 days 00:01:35.057000,13.0,HARD,3.0,95.057
LEC,48.0,0 days 00:01:35.308000,14.0,HARD,3.0,95.308
LEC,49.0,0 days 00:01:35.302000,15.0,HARD,3.0,95.302
LEC,50.0,0 days 00:01:35.383000,16.0,HARD,3.0,95.383
LEC,51.0,0 days 00:01:35.418000,17.0,HARD,3.0,95.418
LEC,52.0,0 days 00:01:35.394000,18.0,HARD,3.0,95.394
LEC,53.0,0 days 00:01:35.480000,19.0,HARD,3.0,95.48
LEC,54.0,0 days 00:01:35.265000,20.0,HARD,3.0,95.265
LEC,55.0,0 days 00:01:35.785000,21.0,HARD,3.0,95.785
LEC,56.0,0 days 00:01:35.924000,22.0,HARD,3.0,95.924
LEC,57.0,0 days 00:01:36.324000,23.0,HARD,3.0,96.324
RUS,1.0,0 days 00:01:39.228000,4.0,SOFT,1.0,99.228
RUS,2.0,0 days 00:01:36.635000,5.0,SOFT,1.0,96.635
RUS,3.0,0 days 00:01:36.406000,6.0,SOFT,1.0,96.406
RUS,4.0,0 days 00:01:37.738000,7.0,SOFT,1.0,97.738
RUS,5.0,0 days 00:01:38.116000,8.0,SOFT,1.0,98.116
RUS,6.0,0 days 00:01:37.784000,9.0,SOFT,1.0,97.784
RUS,7.0,0 days 00:01:38.082000,10.0,SOFT,1.0,98.082
RUS,8.0,0 days 00:01:37.862000,11.0,SOFT,1.0,97.862
RUS,9.0,0 days 00:01:37.730000,12.0,SOFT,1.0,97.73
RUS,10.0,0 days 00:01:37.782000,13.0,SOFT,1.0,97.782
RUS,11.0,0 days 00:01:40.515000,14.0,SOFT,1.0,100.515
RUS,13.0,0 days 00:01:37.167000,2.0,HARD,2.0,97.167
RUS,14.0,0 days 00:01:37.571000,3.0,HARD,2.0,97.571
RUS,15.0,0 days 00:01:36.922000,4.0,HARD,2.0,96.922
RUS,16.0,0 days 00:01:36.683000,5.0,HARD,2.0,96.683
RUS,17.0,0 days 00:01:36.234000,6.0,HARD,2.0,96.234
RUS,18.0,0 days 00:01:37.819000,7.0,HARD,2.0,97.819
RUS,19.0,0 days 00:01:37.233000,8.0,HARD,2.0,97.233
RUS,20.0,0 days 00:01:36.732000,9.0,HARD,2.0,96.732
RUS,21.0,0 days 00:01:36.769000,10.0,HARD,2.0,96.769
RUS,22.0,0 days 00:01:36.992000,11.0,HARD,2.0,96.992
RUS,23.0,0 days 00:01:36.954000,12.0,HARD,2.0,96.954
RUS,24.0,0 days 00:01:36.736000,13.0,HARD,2.0,96.736
RUS,25.0,0 days 00:01:36.928000,14.0,HARD,2.0,96.928
RUS,26.0,0 days 00:01:36.801000,15.0,HARD,2.0,96.801
RUS,27.0,0 days 00:01:36.815000,16.0,HARD,2.0,96.815
RUS,28.0,0 days 00:01:36.911000,17.0,HARD,2.0,96.911
RUS,29.0,0 days 00:01:37.066000,18.0,HARD,2.0,97.066
RUS,30.0,0 days 00:01:37.186000,19.0,HARD,2.0,97.186
RUS,31.0,0 days 00:01:39.405000,20.0,HARD,2.0,99.405
RUS,33.0,0 days 00:01:35.838000,2.0,HARD,3.0,95.838
RUS,34.0,0 days 00:01:35.241000,3.0,HARD,3.0,95.241
RUS,35.0,0 days 00:01:35.772000,4.0,HARD,3.0,95.772
RUS,36.0,0 days 00:01:35.434000,5.0,HARD,3.0,95.434
RUS,37.0,0 days 00:01:35.481000,6.0,HARD,3.0,95.481
RUS,38.0,0 days 00:01:35.479000,7.0,HARD,3.0,95.479
RUS,39.0,0 days 00:01:35.204000,8.0,HARD,3.0,95.204
RUS,40.0,0 days 00:01:35.065000,9.0,HARD,3.0,95.065
RUS,41.0,0 days 00:01:35.093000,10.0,HARD,3.0,95.093
RUS,42.0,0 days 00:01:35.136000,11.0,HARD,3.0,95.136
RUS,43.0,0 days 00:01:35.193000,12.0,HARD,3.0,95.193
RUS,44.0,0 days 00:01:35.162000,13.0,HARD,3.0,95.162
RUS,45.0,0 days 00:01:35.276000,14.0,HARD,3.0,95.276
RUS,46.0,0 days 00:01:36.657000,15.0,HARD,3.0,96.657
RUS,47.0,0 days 00:01:35.805000,16.0,HARD,3.0,95.805
RUS,48.0,0 days 00:01:36.059000,17.0,HARD,3.0,96.059
RUS,49.0,0 days 00:01:35.954000,18.0,HARD,3.0,95.954
RUS,50.0,0 days 00:01:36.181000,19.0,HARD,3.0,96.181
RUS,51.0,0 days 00:01:35.852000,20.0,HARD,3.0,95.852
RUS,52.0,0 days 00:01:36.186000,21.0,HARD,3.0,96.186
RUS,53.0,0 days 00:01:35.979000,22.0,HARD,3.0,95.979
RUS,54.0,0 days 00:01:36.013000,23.0,HARD,3.0,96.013
RUS,55.0,0 days 00:01:36.151000,24.0,HARD,3.0,96.151
RUS,56.0,0 days 00:01:36.350000,25.0,HARD,3.0,96.35
RUS,57.0,0 days 00:01:36.440000,26.0,HARD,3.0,96.44
NOR,1.0,0 days 00:01:42.168000,4.0,SOFT,1.0,102.168
NOR,2.0,0 days 00:01:38.010000,5.0,SOFT,1.0,98.01
NOR,3.0,0 days 00:01:37.787000,6.0,SOFT,1.0,97.787
NOR,4.0,0 days 00:01:37.450000,7.0,SOFT,1.0,97.45
NOR,5.0,0 days 00:01:37.794000,8.0,SOFT,1.0,97.794
NOR,6.0,0 days 00:01:37.896000,9.0,SOFT,1.0,97.896
NOR,7.0,0 days 00:01:37.860000,10.0,SOFT,1.0,97.86
NOR,8.0,0 days 00:01:38.134000,11.0,SOFT,1.0,98.134
NOR,9.0,0 days 00:01:38.064000,12.0,SOFT,1.0,98.064
NOR,10.0,0 days 00:01:37.936000,13.0,SOFT,1.0,97.936
NOR,11.0,0 days 00:01:38.172000,14.0,SOFT,1.0,98.172
NOR,12.0,0 days 00:01:38.082000,15.0,SOFT,1.0,98.082
NOR,13.0,0 days 00:01:40.635000,16.0,SOFT,1.0,100.635
NOR,15.0,0 days 00:01:36.912000,2.0,HARD,2.0,96.912
NOR,16.0,0 days 00:01:36.565000,3.0,HARD,2.0,96.565
NOR,17.0,0 days 00:01:36.776000,4.0,HARD,2.0,96.776
NOR,18.0,0 days 00:01:36.508000,5.0,HARD,2.0,96.508
NOR,19.0,0 days 00:01:36.416000,6.0,HARD,2.0,96.416
NOR,20.0,0 days 00:01:36.501000,7.0,HARD,2.0,96.501
NOR,21.0,0 days 00:01:36.620000,8.0,HARD,2.0,96.62
NOR,22.0,0 days 00:01:36.668000,9.0,HARD,2.0,96.668
NOR,23.0,0 days 00:01:36.696000,10.0,HARD,2.0,96.696
NOR,24.0,0 days 00:01:36.823000,11.0,HARD,2.0,96.823
NOR,25.0,0 days 00:01:36.730000,12.0,HARD,2.0,96.73
NOR,26.0,0 days 00:01:36.566000,13.0,HARD,2.0,96.566
NOR,27.0,0 days 00:01:36.726000,14.0,HARD,2.0,96.726
NOR,28.0,0 days 00:01:37.018000,15.0,HARD,2.0,97.018
NOR,29.0,0 days 00:01:37.041000,16.0,HARD,2.0,97.041
NOR,30.0,0 days 00:01:36.986000,17.0,HARD,2.0,96.986
NOR,31.0,0 days 00:01:37.083000,18.0,HARD,2.0,97.083
NOR,32.0,0 days 00:01:37.171000,19.0,HARD,2.0,97.171
NOR,33.0,0 days 00:01:39.626000,20.0,HARD,2.0,99.626
NOR,35.0,0 days 00:01:34.476000,2.0,HARD,3.0,94.476
NOR,36.0,0 days 00:01:35.690000,3.0,HARD,3.0,95.69
NOR,37.0,0 days 00:01:35.067000,4.0,HARD,3.0,95.067
NOR,38.0,0 days 00:01:35.149000,5.0,HARD,3.0,95.149
NOR,39.0,0 days 00:01:34.880000,6.0,HARD,3.0,94.88
NOR,40.0,0 days 00:01:35.276000,7.0,HARD,3.0,95.276
NOR,41.0,0 days 00:01:35.069000,8.0,HARD,3.0,95.069
NOR,42.0,0 days 00:01:35.165000,9.0,HARD,3.0,95.165
NOR,43.0,0 days 00:01:35.295000,10.0,HARD,3.0,95.295
NOR,44.0,0 days 00:01:35.346000,11.0,HARD,3.0,95.346
NOR,45.0,0 days 00:01:35.338000,12.0,HARD,3.0,95.338
NOR,46.0,0 days 00:01:35.371000,13.0,HARD,3.0,95.371
NOR,47.0,0 days 00:01:35.485000,14.0,HARD,3.0,95.485
NOR,48.0,0 days 00:01:35.717000,15.0,HARD,3.0,95.717
NOR,49.0,0 days 00:01:35.674000,16.0,HARD,3.0,95.674
NOR,50.0,0 days 00:01:35.657000,17.0,HARD,3.0,95.657
NOR,51.0,0 days 00:01:36.038000,18.0,HARD,3.0,96.038
NOR,52.0,0 days 00:01:35.922000,19.0,HARD,3.0,95.922
NOR,53.0,0 days 00:01:35.782000,20.0,HARD,3.0,95.782
NOR,54.0,0 days 00:01:35.934000,21.0,HARD,3.0,95.934
NOR,55.0,0 days 00:01:36.223000,22.0,HARD,3.0,96.223
NOR,56.0,0 days 00:01:35.976000,23.0,HARD,3.0,95.976
NOR,57.0,0 days 00:01:36.582000,24.0,HARD,3.0,96.582
HAM,1.0,0 days 00:01:43.122000,4.0,SOFT,1.0,103.122
HAM,2.0,0 days 00:01:38.273000,5.0,SOFT,1.0,98.273
HAM,3.0,0 days 00:01:38.303000,6.0,SOFT,1.0,98.303
HAM,4.0,0 days 00:01:38.287000,7.0,SOFT,1.0,98.287
HAM,5.0,0 days 00:01:38.350000,8.0,SOFT,1.0,98.35
HAM,6.0,0 days 00:01:38.183000,9.0,SOFT,1.0,98.183
HAM,7.0,0 days 00:01:37.839000,10.0,SOFT,1.0,97.839
HAM,8.0,0 days 00:01:38.221000,11.0,SOFT,1.0,98.221
HAM,9.0,0 days 00:01:38.645000,12.0,SOFT,1.0,98.645
HAM,10.0,0 days 00:01:38.037000,13.0,SOFT,1.0,98.037
HAM,11.0,0 days 00:01:38.236000,14.0,SOFT,1.0,98.236
HAM,12.0,0 days 00:01:40.889000,15.0,SOFT,1.0,100.889
HAM,14.0,0 days 00:01:37.178000,2.0,HARD,2.0,97.178
HAM,15.0,0 days 00:01:37.264000,3.0,HARD,2.0,97.264
HAM,16.0,0 days 00:01:37.091000,4.0,HARD,2.0,97.091
HAM,17.0,0 days 00:01:37.111000,5.0,HARD,2.0,97.111
HAM,18.0,0 days 00:01:36.850000,6.0,HARD,2.0,96.85
HAM,19.0,0 days 00:01:36.694000,7.0,HARD,2.0,96.694
HAM,20.0,0 days 00:01:36.264000,8.0,HARD,2.0,96.264
HAM,21.0,0 days 00:01:36.510000,9.0,HARD,2.0,96.51
HAM,22.0,0 days 00:01:36.633000,10.0,HARD,2.0,96.633
HAM,23.0,0 days 00:01:36.717000,11.0,HARD,2.0,96.717
HAM,24.0,0 days 00:01:36.666000,12.0,HARD,2.0,96.666
HAM,25.0,0 days 00:01:36.919000,13.0,HARD,2.0,96.919
HAM,26.0,0 days 00:01:36.714000,14.0,HARD,2.0,96.714
HAM,27.0,0 days 00:01:37.201000,15.0,HARD,2.0,97.201
HAM,28.0,0 days 00:01:36.692000,16.0,HARD,2.0,96.692
HAM,29.0,0 days 00:01:36.786000,17.0,HARD,2.0,96.786
HAM,30.0,0 days 00:01:37.244000,18.0,HARD,2.0,97.244
HAM,31.0,0 days 00:01:36.975000,19.0,HARD,2.0,96.975
HAM,32.0,0 days 00:01:37.325000,20.0,HARD,2.0,97.325
HAM,33.0,0 days 00:01:39.696000,21.0,HARD,2.0,99.696
HAM,35.0,0 days 00:01:35.489000,2.0,HARD,3.0,95.489
HAM,36.0,0 days 00:01:35.279000,3.0,HARD,3.0,95.279
HAM,37.0,0 days 00:01:35.597000,4.0,HARD,3.0,95.597
HAM,38.0,0 days 00:01:34.966000,5.0,HARD,3.0,94.966
HAM,39.0,0 days 00:01:34.722000,6.0,HARD,3.0,94.722
HAM,40.0,0 days 00:01:35.041000,7.0,HARD,3.0,95.041
HAM,41.0,0 days 00:01:34.940000,8.0,HARD,3.0,94.94
HAM,42.0,0 days 00:01:34.996000,9.0,HARD,3.0,94.996
HAM,43.0,0 days 00:01:34.935000,10.0,HARD,3.0,94.935
HAM,44.0,0 days 00:01:35.169000,11.0,HARD,3.0,95.169
HAM,45.0,0 days 00:01:35.184000,12.0,HARD,3.0,95.184
HAM,46.0,0 days 00:01:35.285000,13.0,HARD,3.0,95.285
HAM,47.0,0 days 00:01:35.226000,14.0,HARD,3.0,95.226
HAM,48.0,0 days 00:01:36.165000,15.0,HARD,3.0,96.165
HAM,49.0,0 days 00:01:35.914000,16.0,HARD,3.0,95.914
HAM,50.0,0 days 00:01:35.612000,17.0,HARD,3.0,95.612
HAM,51.0,0 days 00:01:35.532000,18.0,HARD,3.0,95.532
HAM,52.0,0 days 00:01:35.479000,19.0,HARD,3.0,95.479
HAM,53.0,0 days 00:01:35.550000,20.0,HARD,3.0,95.55
HAM,54.0,0 days 00:01:35.974000,21.0,HARD,3.0,95.974
HAM,55.0,0 days 00:01:35.633000,22.0,HARD,3.0,95.633
HAM,56.0,0 days 00:01:35.706000,23.0,HARD,3.0,95.706
HAM,57.0,0 days 00:01:36.138000,24.0,HARD,3.0,96.138
PIA,1.0,0 days 00:01:42.523000,4.0,SOFT,1.0,102.523
PIA,2.0,0 days 00:01:38.382000,5.0,SOFT,1.0,98.382
PIA,3.0,0 days 00:01:38.258000,6.0,SOFT,1.0,98.258
PIA,4.0,0 days 00:01:37.897000,7.0,SOFT,1.0,97.897
PIA,5.0,0 days 00:01:37.859000,8.0,SOFT,1.0,97.859
PIA,6.0,0 days 00:01:37.955000,9.0,SOFT,1.0,97.955
PIA,7.0,0 days 00:01:37.984000,10.0,SOFT,1.0,97.984
PIA,8.0,0 days 00:01:37.956000,11.0,SOFT,1.0,97.956
PIA,9.0,0 days 00:01:38.096000,12.0,SOFT,1.0,98.096
PIA,10.0,0 days 00:01:38.073000,13.0,SOFT,1.0,98.073
PIA,11.0,0 days 00:01:38.397000,14.0,SOFT,1.0,98.397
PIA,12.0,0 days 00:01:40.739000,15.0,SOFT,1.0,100.739
PIA,14.0,0 days 00:01:36.796000,2.0,HARD,2.0,96.796
PIA,15.0,0 days 00:01:36.823000,3.0,HARD,2.0,96.823
PIA,16.0,0 days 00:01:36.427000,4.0,HARD,2.0,96.427
PIA,17.0,0 days 00:01:36.872000,5.0,HARD,2.0,96.872
PIA,18.0,0 days 00:01:37.095000,6.0,HARD,2.0,97.095
PIA,19.0,0 days 00:01:36.577000,7.0,HARD,2.0,96.577
PIA,20.0,0 days 00:01:36.644000,8.0,HARD,2.0,96.644
PIA,21.0,0 days 00:01:36.733000,9.0,HARD,2.0,96.733
PIA,22.0,0 days 00:01:36.555000,10.0,HARD,2.0,96.555
PIA,23.0,0 days 00:01:36.680000,11.0,HARD,2.0,96.68
PIA,24.0,0 days 00:01:36.884000,12.0,HARD,2.0,96.884
PIA,25.0,0 days 00:01:37.008000,13.0,HARD,2.0,97.008
PIA,26.0,0 days 00:01:36.882000,14.0,HARD,2.0,96.882
PIA,27.0,0 days 00:01:36.905000,15.0,HARD,2.0,96.905
PIA,28.0,0 days 00:01:36.905000,16.0,HARD,2.0,96.905
PIA,29.0,0 days 00:01:37.179000,17.0,HARD,2.0,97.179
PIA,30.0,0 days 00:01:37.177000,18.0,HARD,2.0,97.177
PIA,31.0,0 days 00:01:37.570000,19.0,HARD,2.0,97.57
PIA,32.0,0 days 00:01:37.163000,20.0,HARD,2.0,97.163
PIA,33.0,0 days 00:01:37.088000,21.0,HARD,2.0,97.088
PIA,34.0,0 days 00:01:39.211000,22.0,HARD,2.0,99.211
PIA,36.0,0 days 00:01:35.153000,2.0,HARD,3.0,95.153
PIA,37.0,0 days 00:01:34.774000,3.0,HARD,3.0,94.774
PIA,38.0,0 days 00:01:35.298000,4.0,HARD,3.0,95.298
PIA,39.0,0 days 00:01:34.983000,5.0,HARD,3.0,94.983
PIA,40.0,0 days 00:01:35.005000,6.0,HARD,3.0,95.005
PIA,41.0,0 days 00:01:35.109000,7.0,HARD,3.0,95.109
PIA,42.0,0 days 00:01:35.341000,8.0,HARD,3.0,95.341
PIA,43.0,0 days 00:01:35.258000,9.0,HARD,3.0,95.258
PIA,44.0,0 days 00:01:35.238000,10.0,HARD,3.0,95.238
PIA,45.0,0 days 00:01:35.306000,11.0,HARD,3.0,95.306
PIA,46.0,0 days 00:01:35.296000,12.0,HARD,3.0,95.296
PIA,47.0,0 days 00:01:35.376000,13.0,HARD,3.0,95.376
PIA,48.0,0 days 00:01:35.702000,14.0,HARD,3.0,95.702
PIA,49.0,0 days 00:01:35.653000,15.0,HARD,3.0,95.653
PIA,50.0,0 days 00:01:35.984000,16.0,HARD,3.0,95.984
PIA,51.0,0 days 00:01:35.800000,17.0,HARD,3.0,95.8
PIA,52.0,0 days 00:01:36.024000,18.0,HARD,3.0,96.024
PIA,53.0,0 days 00:01:35.739000,19.0,HARD,3.0,95.739
PIA,54.0,0 days 00:01:36.107000,20.0,HARD,3.0,96.107
PIA,55.0,0 days 00:01:35.973000,21.0,HARD,3.0,95.973
PIA,56.0,0 days 00:01:36.100000,22.0,HARD,3.0,96.1
PIA,57.0,0 days 00:01:35.920000,23.0,HARD,3.0,95.92
ALO,1.0,0 days 00:01:41.679000,4.0,SOFT,1.0,101.679
ALO,2.0,0 days 00:01:38.020000,5.0,SOFT,1.0,98.02
ALO,3.0,0 days 00:01:39.046000,6.0,SOFT,1.0,99.046
ALO,4.0,0 days 00:01:37.776000,7.0,SOFT,1.0,97.776
ALO,5.0,0 days 00:01:39.292000,8.0,SOFT,1.0,99.292
ALO,6.0,0 days 00:01:38.053000,9.0,SOFT,1.0,98.053
ALO,7.0,0 days 00:01:38.008000,10.0,SOFT,1.0,98.008
ALO,8.0,0 days 00:01:38.103000,11.0,SOFT,1.0,98.103
ALO,9.0,0 days 00:01:38.896000,12.0,SOFT,1.0,98.896
ALO,10.0,0 days 00:01:39.325000,13.0,SOFT,1.0,99.325
ALO,11.0,0 days 00:01:38.554000,14.0,SOFT,1.0,98.554
ALO,12.0,0 days 00:01:38.543000,15.0,SOFT,1.0,98.543
ALO,13.0,0 days 00:01:38.587000,16.0,SOFT,1.0,98.587
ALO,14.0,0 days 00:01:38.612000,17.0,SOFT,1.0,98.612
ALO,15.0,0 days 00:01:41.101000,18.0,SOFT,1.0,101.101
ALO,17.0,0 days 00:01:36.970000,2.0,HARD,2.0,96.97
ALO,18.0,0 days 00:01:37.361000,3.0,HARD,2.0,97.361
ALO,19.0,0 days 00:01:37.072000,4.0,HARD,2.0,97.072
ALO,20.0,0 days 00:01:37.357000,5.0,HARD,2.0,97.357
ALO,21.0,0 days 00:01:37.342000,6.0,HARD,2.0,97.342
ALO,22.0,0 days 00:01:37.122000,7.0,HARD,2.0,97.122
ALO,23.0,0 days 00:01:37.265000,8.0,HARD,2.0,97.265
ALO,24.0,0 days 00:01:37.046000,9.0,HARD,2.0,97.046
ALO,25.0,0 days 00:01:37.179000,10.0,HARD,2.0,97.179
ALO,26.0,0 days 00:01:37.638000,11.0,HARD,2.0,97.638
ALO,27.0,0 days 00:01:36.945000,12.0,HARD,2.0,96.945
ALO,28.0,0 days 00:01:37.256000,13.0,HARD,2.0,97.256
ALO,29.0,0 days 00:01:37.104000,14.0,HARD,2.0,97.104
ALO,30.0,0 days 00:01:36.982000,15.0,HARD,2.0,96.982
ALO,31.0,0 days 00:01:36.957000,16.0,HARD,2.0,96.957
ALO,32.0,0 days 00:01:37.056000,17.0,HARD,2.0,97.056
ALO,33.0,0 days 00:01:37.202000,18.0,HARD,2.0,97.202
ALO,34.0,0 days 00:01:37.601000,19.0,HARD,2.0,97.601
ALO,35.0,0 days 00:01:37.273000,20.0,HARD,2.0,97.273
ALO,36.0,0 days 00:01:38.343000,21.0,HARD,2.0,98.343
ALO,37.0,0 days 00:01:36.799000,22.0,HARD,2.0,96.799
ALO,38.0,0 days 00:01:37.297000,23.0,HARD,2.0,97.297
ALO,39.0,0 days 00:01:37.946000,24.0,HARD,2.0,97.946
ALO,40.0,0 days 00:01:38.061000,25.0,HARD,2.0,98.061
ALO,41.0,0 days 00:01:40.261000,26.0,HARD,2.0,100.261
ALO,43.0,0 days 00:01:35.107000,2.0,HARD,3.0,95.107
ALO,44.0,0 days 00:01:34.981000,3.0,HARD,3.0,94.981
ALO,45.0,0 days 00:01:34.872000,4.0,HARD,3.0,94.872
ALO,46.0,0 days 00:01:35.126000,5.0,HARD,3.0,95.126
ALO,47.0,0 days 00:01:35.225000,6.0,HARD,3.0,95.225
ALO,48.0,0 days 00:01:34.199000,7.0,HARD,3.0,94.199
ALO,49.0,0 days 00:01:34.571000,8.0,HARD,3.0,94.571
ALO,50.0,0 days 00:01:34.677000,9.0,HARD,3.0,94.677
ALO,51.0,0 days 00:01:34.916000,10.0,HARD,3.0,94.916
ALO,52.0,0 days 00:01:34.862000,11.0,HARD,3.0,94.862
ALO,53.0,0 days 00:01:35.249000,12.0,HARD,3.0,95.249
ALO,54.0,0 days 00:01:35.745000,13.0,HARD,3.0,95.745
ALO,55.0,0 days 00:01:35.066000,14.0,HARD,3.0,95.066
ALO,56.0,0 days 00:01:35.014000,15.0,HARD,3.0,95.014
ALO,57.0,0 days 00:01:35.276000,16.0,HARD,3.0,95.276
STR,2.0,0 days 00:01:37.987000,2.0,SOFT,1.0,97.987
STR,3.0,0 days 00:01:38.279000,3.0,SOFT,1.0,98.279
STR,4.0,0 days 00:01:38.364000,4.0,SOFT,1.0,98.364
STR,5.0,0 days 00:01:38.725000,5.0,SOFT,1.0,98.725
STR,6.0,0 days 00:01:38.925000,6.0,SOFT,1.0,98.925
STR,7.0,0 days 00:01:38.769000,7.0,SOFT,1.0,98.769
STR,8.0,0 days 00:01:38.857000,8.0,SOFT,1.0,98.857
STR,9.0,0 days 00:01:42.112000,9.0,SOFT,1.0,102.112
STR,11.0,0 days 00:01:36.494000,2.0,HARD,2.0,96.494
STR,12.0,0 days 00:01:37.175000,3.0,HARD,2.0,97.175
STR,13.0,0 days 00:01:37.289000,4.0,HARD,2.0,97.289
STR,14.0,0 days 00:01:37.624000,5.0,HARD,2.0,97.624
STR,15.0,0 days 00:01:37.533000,6.0,HARD,2.0,97.533
STR,16.0,0 days 00:01:38.027000,7.0,HARD,2.0,98.027
STR,17.0,0 days 00:01:38.777000,8.0,HARD,2.0,98.777
STR,18.0,0 days 00:01:37.417000,9.0,HARD,2.0,97.417
STR,19.0,0 days 00:01:37.554000,10.0,HARD,2.0,97.554
STR,20.0,0 days 00:01:37.859000,11.0,HARD,2.0,97.859
STR,21.0,0 days 00:01:38.022000,12.0,HARD,2.0,98.022
STR,22.0,0 days 00:01:38.175000,13.0,HARD,2.0,98.175
STR,23.0,0 days 00:01:37.826000,14.0,HARD,2.0,97.826
STR,24.0,0 days 00:01:38.138000,15.0,HARD,2.0,98.138
STR,25.0,0 days 00:01:37.994000,16.0,HARD,2.0,97.994
STR,26.0,0 days 00:01:38.133000,17.0,HARD,2.0,98.133
STR,27.0,0 days 00:01:40.710000,18.0,HARD,2.0,100.71
STR,29.0,0 days 00:01:35.854000,2.0,HARD,3.0,95.854
STR,30.0,0 days 00:01:35.632000,3.0,HARD,3.0,95.632
STR,31.0,0 days 00:01:36.202000,4.0,HARD,3.0,96.202
STR,32.0,0 days 00:01:35.821000,5.0,HARD,3.0,95.821
STR,33.0,0 days 00:01:36.349000,6.0,HARD,3.0,96.349
STR,34.0,0 days 00:01:36.332000,7.0,HARD,3.0,96.332
STR,35.0,0 days 00:01:36.242000,8.0,HARD,3.0,96.242
STR,36.0,0 days 00:01:36.086000,9.0,HARD,3.0,96.086
STR,37.0,0 days 00:01:35.987000,10.0,HARD,3.0,95.987
STR,38.0,0 days 00:01:36.364000,11.0,HARD,3.0,96.364
STR,39.0,0 days 00:01:36.353000,12.0,HARD,3.0,96.353
STR,40.0,0 days 00:01:36.485000,13.0,HARD,3.0,96.485
STR,41.0,0 days 00:01:36.322000,14.0,HARD,3.0,96.322
STR,42.0,0 days 00:01:36.343000,15.0,HARD,3.0,96.343
STR,43.0,0 days 00:01:36.304000,16.0,HARD,3.0,96.304
STR,44.0,0 days 00:01:36.564000,17.0,HARD,3.0,96.564
STR,45.0,0 days 00:01:36.243000,18.0,HARD,3.0,96.243
STR,46.0,0 days 00:01:36.379000,19.0,HARD,3.0,96.379
STR,47.0,0 days 00:01:36.298000,20.0,HARD,3.0,96.298
STR,48.0,0 days 00:01:37.325000,21.0,HARD,3.0,97.325
STR,49.0,0 days 00:01:36.871000,22.0,HARD,3.0,96.871
STR,50.0,0 days 00:01:36.541000,23.0,HARD,3.0,96.541
STR,51.0,0 days 00:01:36.763000,24.0,HARD,3.0,96.763
STR,52.0,0 days 00:01:36.934000,25.0,HARD,3.0,96.934
STR,53.0,0 days 00:01:36.640000,26.0,HARD,3.0,96.64
STR,54.0,0 days 00:01:36.693000,27.0,HARD,3.0,96.693
STR,55.0,0 days 00:01:36.680000,28.0,HARD,3.0,96.68
STR,56.0,0 days 00:01:36.582000,29.0,HARD,3.0,96.582
STR,57.0,0 days 00:01:37.335000,30.0,HARD,3.0,97.335
ZHO,2.0,0 days 00:01:38.920000,2.0,SOFT,1.0,98.92
ZHO,3.0,0 days 00:01:38.582000,3.0,SOFT,1.0,98.582
ZHO,4.0,0 days 00:01:38.428000,4.0,SOFT,1.0,98.428
ZHO,5.0,0 days 00:01:38.798000,5.0,SOFT,1.0,98.798
ZHO,6.0,0 days 00:01:38.488000,6.0,SOFT,1.0,98.488
ZHO,7.0,0 days 00:01:39.517000,7.0,SOFT,1.0,99.517
ZHO,8.0,0 days 00:01:39.646000,8.0,SOFT,1.0,99.646
ZHO,9.0,0 days 00:01:41.849000,9.0,SOFT,1.0,101.849
ZHO,11.0,0 days 00:01:36.365000,2.0,HARD,2.0,96.365
ZHO,12.0,0 days 00:01:36.995000,3.0,HARD,2.0,96.995
ZHO,13.0,0 days 00:01:37.436000,4.0,HARD,2.0,97.436
ZHO,14.0,0 days 00:01:37.482000,5.0,HARD,2.0,97.482
ZHO,15.0,0 days 00:01:37.500000,6.0,HARD,2.0,97.5
ZHO,16.0,0 days 00:01:37.659000,7.0,HARD,2.0,97.659
ZHO,17.0,0 days 00:01:38.475000,8.0,HARD,2.0,98.475
ZHO,18.0,0 days 00:01:37.552000,9.0,HARD,2.0,97.552
ZHO,19.0,0 days 00:01:37.652000,10.0,HARD,2.0,97.652
ZHO,20.0,0 days 00:01:37.749000,11.0,HARD,2.0,97.749
ZHO,21.0,0 days 00:01:37.947000,12.0,HARD,2.0,97.947
ZHO,22.0,0 days 00:01:37.852000,13.0,HARD,2.0,97.852
ZHO,23.0,0 days 00:01:37.788000,14.0,HARD,2.0,97.788
ZHO,24.0,0 days 00:01:37.894000,15.0,HARD,2.0,97.894
ZHO,25.0,0 days 00:01:37.883000,16.0,HARD,2.0,97.883
ZHO,26.0,0 days 00:01:37.995000,17.0,HARD,2.0,97.995
ZHO,27.0,0 days 00:01:38.053000,18.0,HARD,2.0,98.053
ZHO,28.0,0 days 00:01:40.675000,19.0,HARD,2.0,100.675
ZHO,30.0,0 days 00:01:35.458000,2.0,HARD,3.0,95.458
ZHO,31.0,0 days 00:01:36.297000,3.0,HARD,3.0,96.297
ZHO,32.0,0 days 00:01:36.048000,4.0,HARD,3.0,96.048
ZHO,33.0,0 days 00:01:37.971000,5.0,HARD,3.0,97.971
ZHO,34.0,0 days 00:01:36.518000,6.0,HARD,3.0,96.518
ZHO,35.0,0 days 00:01:36.546000,7.0,HARD,3.0,96.546
ZHO,36.0,0 days 00:01:36.931000,8.0,HARD,3.0,96.931
ZHO,37.0,0 days 00:01:36.805000,9.0,HARD,3.0,96.805
ZHO,38.0,0 days 00:01:36.857000,10.0,HARD,3.0,96.857
ZHO,39.0,0 days 00:01:36.637000,11.0,HARD,3.0,96.637
ZHO,40.0,0 days 00:01:36.683000,12.0,HARD,3.0,96.683
ZHO,41.0,0 days 00:01:36.695000,13.0,HARD,3.0,96.695
ZHO,42.0,0 days 00:01:36.652000,14.0,HARD,3.0,96.652
ZHO,43.0,0 days 00:01:36.771000,15.0,HARD,3.0,96.771
ZHO,44.0,0 days 00:01:37.417000,16.0,HARD,3.0,97.417
ZHO,45.0,0 days 00:01:36.680000,17.0,HARD,3.0,96.68
ZHO,46.0,0 days 00:01:36.741000,18.0,HARD,3.0,96.741
ZHO,47.0,0 days 00:01:36.561000,19.0,HARD,3.0,96.561
ZHO,48.0,0 days 00:01:36.654000,20.0,HARD,3.0,96.654
ZHO,49.0,0 days 00:01:36.720000,21.0,HARD,3.0,96.72
ZHO,50.0,0 days 00:01:36.792000,22.0,HARD,3.0,96.792
ZHO,51.0,0 days 00:01:37.042000,23.0,HARD,3.0,97.042
ZHO,52.0,0 days 00:01:37.394000,24.0,HARD,3.0,97.394
ZHO,53.0,0 days 00:01:37.141000,25.0,HARD,3.0,97.141
ZHO,54.0,0 days 00:01:38.389000,26.0,HARD,3.0,98.389
ZHO,55.0,0 days 00:01:37.383000,27.0,HARD,3.0,97.383
ZHO,56.0,0 days 00:01:37.333000,28.0,HARD,3.0,97.333
MAG,2.0,0 days 00:01:38.911000,2.0,SOFT,1.0,98.911
MAG,3.0,0 days 00:01:38.399000,3.0,SOFT,1.0,98.399
MAG,4.0,0 days 00:01:38.497000,4.0,SOFT,1.0,98.497
MAG,5.0,0 days 00:01:38.576000,5.0,SOFT,1.0,98.576
MAG,6.0,0 days 00:01:38.529000,6.0,SOFT,1.0,98.529
MAG,7.0,0 days 00:01:40.058000,7.0,SOFT,1.0,100.058
MAG,8.0,0 days 00:01:39.172000,8.0,SOFT,1.0,99.172
MAG,9.0,0 days 00:01:38.861000,9.0,SOFT,1.0,98.861
MAG,10.0,0 days 00:01:38.747000,10.0,SOFT,1.0,98.747
MAG,11.0,0 days 00:01:41.088000,11.0,SOFT,1.0,101.088
MAG,13.0,0 days 00:01:36.890000,2.0,HARD,2.0,96.89
MAG,14.0,0 days 00:01:37.590000,3.0,HARD,2.0,97.59
MAG,15.0,0 days 00:01:38.332000,4.0,HARD,2.0,98.332
MAG,16.0,0 days 00:01:37.749000,5.0,HARD,2.0,97.749
MAG,17.0,0 days 00:01:38.282000,6.0,HARD,2.0,98.282
MAG,18.0,0 days 00:01:37.583000,7.0,HARD,2.0,97.583
MAG,19.0,0 days 00:01:37.792000,8.0,HARD,2.0,97.792
MAG,20.0,0 days 00:01:38.062000,9.0,HARD,2.0,98.062
MAG,21.0,0 days 00:01:38.010000,10.0,HARD,2.0,98.01
MAG,22.0,0 days 00:01:38.147000,11.0,HARD,2.0,98.147
MAG,23.0,0 days 00:01:38.293000,12.0,HARD,2.0,98.293
MAG,24.0,0 days 00:01:38.156000,13.0,HARD,2.0,98.156
MAG,25.0,0 days 00:01:38.290000,14.0,HARD,2.0,98.29
MAG,26.0,0 days 00:01:38.093000,15.0,HARD,2.0,98.093
MAG,27.0,0 days 00:01:38.226000,16.0,HARD,2.0,98.226
MAG,28.0,0 days 00:01:37.936000,17.0,HARD,2.0,97.936
MAG,29.0,0 days 00:01:37.965000,18.0,HARD,2.0,97.965
MAG,30.0,0 days 00:01:38.040000,19.0,HARD,2.0,98.04
MAG,31.0,0 days 00:01:38,20.0,HARD,2.0,98.0
MAG,32.0,0 days 00:01:40.565000,21.0,HARD,2.0,100.565
MAG,34.0,0 days 00:01:35.570000,2.0,HARD,3.0,95.57
MAG,35.0,0 days 00:01:35.698000,3.0,HARD,3.0,95.698
MAG,36.0,0 days 00:01:35.851000,4.0,HARD,3.0,95.851
MAG,37.0,0 days 00:01:35.741000,5.0,HARD,3.0,95.741
MAG,38.0,0 days 00:01:36.042000,6.0,HARD,3.0,96.042
MAG,39.0,0 days 00:01:35.876000,7.0,HARD,3.0,95.876
MAG,40.0,0 days 00:01:36.071000,8.0,HARD,3.0,96.071
MAG,41.0,0 days 00:01:36.340000,9.0,HARD,3.0,96.34
MAG,42.0,0 days 00:01:36.310000,10.0,HARD,3.0,96.31
MAG,43.0,0 days 00:01:36.232000,11.0,HARD,3.0,96.232
MAG,44.0,0 days 00:01:36.249000,12.0,HARD,3.0,96.249
MAG,45.0,0 days 00:01:36.349000,13.0,HARD,3.0,96.349
MAG,46.0,0 days 00:01:36.446000,14.0,HARD,3.0,96.446
MAG,47.0,0 days 00:01:36.454000,15.0,HARD,3.0,96.454
MAG,48.0,0 days 00:01:36.679000,16.0,HARD,3.0,96.679
MAG,49.0,0 days 00:01:36.842000,17.0,HARD,3.0,96.842
MAG,50.0,0 days 00:01:37.035000,18.0,HARD,3.0,97.035
MAG,51.0,0 days 00:01:36.929000,19.0,HARD,3.0,96.929
MAG,52.0,0 days 00:01:36.930000,20.0,HARD,3.0,96.93
MAG,53.0,0 days 00:01:37.958000,21.0,HARD,3.0,97.958
MAG,54.0,0 days 00:01:36.890000,22.0,HARD,3.0,96.89
MAG,55.0,0 days 00:01:37.457000,23.0,HARD,3.0,97.457
MAG,56.0,0 days 00:01:37.584000,24.0,HARD,3.0,97.584
RIC,2.0,0 days 00:01:39.509000,5.0,SOFT,1.0,99.509
RIC,3.0,0 days 00:01:38.760000,6.0,SOFT,1.0,98.76
RIC,4.0,0 days 00:01:38.610000,7.0,SOFT,1.0,98.61
RIC,5.0,0 days 00:01:38.704000,8.0,SOFT,1.0,98.704
RIC,6.0,0 days 00:01:38.689000,9.0,SOFT,1.0,98.689
RIC,7.0,0 days 00:01:39.193000,10.0,SOFT,1.0,99.193
RIC,8.0,0 days 00:01:39.529000,11.0,SOFT,1.0,99.529
RIC,9.0,0 days 00:01:39.338000,12.0,SOFT,1.0,99.338
RIC,10.0,0 days 00:01:38.782000,13.0,SOFT,1.0,98.782
RIC,11.0,0 days 00:01:39.033000,14.0,SOFT,1.0,99.033
RIC,12.0,0 days 00:01:38.893000,15.0,SOFT,1.0,98.893
RIC,13.0,0 days 00:01:42.173000,16.0,SOFT,1.0,102.173
RIC,15.0,0 days 00:01:37.070000,2.0,HARD,2.0,97.07
RIC,16.0,0 days 00:01:37.176000,3.0,HARD,2.0,97.176
RIC,17.0,0 days 00:01:37.290000,4.0,HARD,2.0,97.29
RIC,18.0,0 days 00:01:37.700000,5.0,HARD,2.0,97.7
RIC,19.0,0 days 00:01:38.350000,6.0,HARD,2.0,98.35
RIC,20.0,0 days 00:01:37.865000,7.0,HARD,2.0,97.865
RIC,21.0,0 days 00:01:37.392000,8.0,HARD,2.0,97.392
RIC,22.0,0 days 00:01:37.750000,9.0,HARD,2.0,97.75
RIC,23.0,0 days 00:01:37.772000,10.0,HARD,2.0,97.772
RIC,24.0,0 days 00:01:37.766000,11.0,HARD,2.0,97.766
RIC,25.0,0 days 00:01:37.973000,12.0,HARD,2.0,97.973
RIC,26.0,0 days 00:01:38.029000,13.0,HARD,2.0,98.029
RIC,27.0,0 days 00:01:38.152000,14.0,HARD,2.0,98.152
RIC,28.0,0 days 00:01:38.045000,15.0,HARD,2.0,98.045
RIC,29.0,0 days 00:01:37.960000,16.0,HARD,2.0,97.96
RIC,30.0,0 days 00:01:37.978000,17.0,HARD,2.0,97.978
RIC,31.0,0 days 00:01:38.154000,18.0,HARD,2.0,98.154
RIC,32.0,0 days 00:01:38.025000,19.0,HARD,2.0,98.025
RIC,33.0,0 days 00:01:38.150000,20.0,HARD,2.0,98.15
RIC,34.0,0 days 00:01:38.246000,21.0,HARD,2.0,98.246
RIC,35.0,0 days 00:01:40.595000,22.0,HARD,2.0,100.595
RIC,37.0,0 days 00:01:35.163000,2.0,SOFT,3.0,95.163
RIC,38.0,0 days 00:01:35.460000,3.0,SOFT,3.0,95.46
RIC,39.0,0 days 00:01:35.475000,4.0,SOFT,3.0,95.475
RIC,40.0,0 days 00:01:35.578000,5.0,SOFT,3.0,95.578
RIC,41.0,0 days 00:01:35.644000,6.0,SOFT,3.0,95.644
RIC,42.0,0 days 00:01:35.338000,7.0,SOFT,3.0,95.338
RIC,43.0,0 days 00:01:35.560000,8.0,SOFT,3.0,95.56
RIC,44.0,0 days 00:01:35.490000,9.0,SOFT,3.0,95.49
RIC,45.0,0 days 00:01:35.570000,10.0,SOFT,3.0,95.57
RIC,46.0,0 days 00:01:35.507000,11.0,SOFT,3.0,95.507
RIC,47.0,0 days 00:01:35.831000,12.0,SOFT,3.0,95.831
RIC,48.0,0 days 00:01:36.236000,13.0,SOFT,3.0,96.236
RIC,49.0,0 days 00:01:36.442000,14.0,SOFT,3.0,96.442
RIC,50.0,0 days 00:01:36.609000,15.0,SOFT,3.0,96.609
RIC,51.0,0 days 00:01:37.103000,16.0,SOFT,3.0,97.103
RIC,52.0,0 days 00:01:37.529000,17.0,SOFT,3.0,97.529
RIC,53.0,0 days 00:01:36.745000,18.0,SOFT,3.0,96.745
RIC,54.0,0 days 00:01:36.661000,19.0,SOFT,3.0,96.661
RIC,55.0,0 days 00:01:37.375000,20.0,SOFT,3.0,97.375
RIC,56.0,0 days 00:01:37.662000,21.0,SOFT,3.0,97.662
TSU,1.0,0 days 00:01:43.485000,1.0,SOFT,1.0,103.485
TSU,2.0,0 days 00:01:38.689000,2.0,SOFT,1.0,98.689
TSU,3.0,0 days 00:01:38.431000,3.0,SOFT,1.0,98.431
TSU,4.0,0 days 00:01:38.310000,4.0,SOFT,1.0,98.31
TSU,5.0,0 days 00:01:38.321000,5.0,SOFT,1.0,98.321
TSU,6.0,0 days 00:01:38.361000,6.0,SOFT,1.0,98.361
TSU,7.0,0 days 00:01:38.364000,7.0,SOFT,1.0,98.364
TSU,8.0,0 days 00:01:38.513000,8.0,SOFT,1.0,98.513
TSU,9.0,0 days 00:01:38.554000,9.0,SOFT,1.0,98.554
TSU,10.0,0 days 00:01:38.912000,10.0,SOFT,1.0,98.912
TSU,11.0,0 days 00:01:38.799000,11.0,SOFT,1.0,98.799
TSU,12.0,0 days 00:01:38.769000,12.0,SOFT,1.0,98.769
TSU,13.0,0 days 00:01:38.860000,13.0,SOFT,1.0,98.86
TSU,14.0,0 days 00:01:41.138000,14.0,SOFT,1.0,101.138
TSU,16.0,0 days 00:01:37.516000,2.0,HARD,2.0,97.516
TSU,17.0,0 days 00:01:37.482000,3.0,HARD,2.0,97.482
TSU,18.0,0 days 00:01:37.359000,4.0,HARD,2.0,97.359
TSU,19.0,0 days 00:01:37.396000,5.0,HARD,2.0,97.396
TSU,20.0,0 days 00:01:37.766000,6.0,HARD,2.0,97.766
TSU,21.0,0 days 00:01:37.777000,7.0,HARD,2.0,97.777
TSU,22.0,0 days 00:01:37.837000,8.0,HARD,2.0,97.837
TSU,23.0,0 days 00:01:37.671000,9.0,HARD,2.0,97.671
TSU,24.0,0 days 00:01:37.634000,10.0,HARD,2.0,97.634
TSU,25.0,0 days 00:01:37.851000,11.0,HARD,2.0,97.851
TSU,26.0,0 days 00:01:38.058000,12.0,HARD,2.0,98.058
TSU,27.0,0 days 00:01:38.083000,13.0,HARD,2.0,98.083
TSU,28.0,0 days 00:01:38.164000,14.0,HARD,2.0,98.164
TSU,29.0,0 days 00:01:37.777000,15.0,HARD,2.0,97.777
TSU,30.0,0 days 00:01:37.477000,16.0,HARD,2.0,97.477
TSU,31.0,0 days 00:01:37.468000,17.0,HARD,2.0,97.468
TSU,32.0,0 days 00:01:37.847000,18.0,HARD,2.0,97.847
TSU,33.0,0 days 00:01:37.498000,19.0,HARD,2.0,97.498
TSU,34.0,0 days 00:01:40.835000,20.0,HARD,2.0,100.835
TSU,36.0,0 days 00:01:37.706000,2.0,HARD,3.0,97.706
TSU,37.0,0 days 00:01:35.833000,3.0,HARD,3.0,95.833
TSU,38.0,0 days 00:01:37.046000,4.0,HARD,3.0,97.046
TSU,39.0,0 days 00:01:36.125000,5.0,HARD,3.0,96.125
TSU,40.0,0 days 00:01:36.263000,6.0,HARD,3.0,96.263
TSU,41.0,0 days 00:01:36.179000,7.0,HARD,3.0,96.179
TSU,42.0,0 days 00:01:35.981000,8.0,HARD,3.0,95.981
TSU,43.0,0 days 00:01:35.956000,9.0,HARD,3.0,95.956
TSU,44.0,0 days 00:01:36.144000,10.0,HARD,3.0,96.144
TSU,45.0,0 days 00:01:35.964000,11.0,HARD,3.0,95.964
TSU,46.0,0 days 00:01:36.187000,12.0,HARD,3.0,96.187
TSU,47.0,0 days 00:01:36.396000,13.0,HARD,3.0,96.396
TSU,48.0,0 days 00:01:36.554000,14.0,HARD,3.0,96.554
TSU,49.0,0 days 00:01:36.695000,15.0,HARD,3.0,96.695
TSU,50.0,0 days 00:01:36.827000,16.0,HARD,3.0,96.827
TSU,51.0,0 days 00:01:37.067000,17.0,HARD,3.0,97.067
TSU,52.0,0 days 00:01:39.042000,18.0,HARD,3.0,99.042
TSU,53.0,0 days 00:01:36.838000,19.0,HARD,3.0,96.838
TSU,54.0,0 days 00:01:36.672000,20.0,HARD,3.0,96.672
TSU,55.0,0 days 00:01:37.269000,21.0,HARD,3.0,97.269
TSU,56.0,0 days 00:01:37.473000,22.0,HARD,3.0,97.473
ALB,2.0,0 days 00:01:38.826000,2.0,SOFT,1.0,98.826
ALB,3.0,0 days 00:01:38.507000,3.0,SOFT,1.0,98.507
ALB,4.0,0 days 00:01:38.422000,4.0,SOFT,1.0,98.422
ALB,5.0,0 days 00:01:38.509000,5.0,SOFT,1.0,98.509
ALB,6.0,0 days 00:01:38.575000,6.0,SOFT,1.0,98.575
ALB,7.0,0 days 00:01:38.971000,7.0,SOFT,1.0,98.971
ALB,8.0,0 days 00:01:38.660000,8.0,SOFT,1.0,98.66
ALB,9.0,0 days 00:01:38.652000,9.0,SOFT,1.0,98.652
ALB,10.0,0 days 00:01:38.952000,10.0,SOFT,1.0,98.952
ALB,11.0,0 days 00:01:38.835000,11.0,SOFT,1.0,98.835
ALB,12.0,0 days 00:01:38.934000,12.0,SOFT,1.0,98.934
ALB,13.0,0 days 00:01:38.823000,13.0,SOFT,1.0,98.823
ALB,14.0,0 days 00:01:38.977000,14.0,SOFT,1.0,98.977
ALB,15.0,0 days 00:01:41.171000,15.0,SOFT,1.0,101.171
ALB,17.0,0 days 00:01:37.392000,2.0,HARD,2.0,97.392
ALB,18.0,0 days 00:01:37.590000,3.0,HARD,2.0,97.59
ALB,19.0,0 days 00:01:37.763000,4.0,HARD,2.0,97.763
ALB,20.0,0 days 00:01:37.701000,5.0,HARD,2.0,97.701
ALB,21.0,0 days 00:01:37.918000,6.0,HARD,2.0,97.918
ALB,22.0,0 days 00:01:38.031000,7.0,HARD,2.0,98.031
ALB,23.0,0 days 00:01:37.869000,8.0,HARD,2.0,97.869
ALB,24.0,0 days 00:01:38.204000,9.0,HARD,2.0,98.204
ALB,25.0,0 days 00:01:38.226000,10.0,HARD,2.0,98.226
ALB,26.0,0 days 00:01:38.100000,11.0,HARD,2.0,98.1
ALB,27.0,0 days 00:01:38.296000,12.0,HARD,2.0,98.296
ALB,28.0,0 days 00:01:38.048000,13.0,HARD,2.0,98.048
ALB,29.0,0 days 00:01:37.879000,14.0,HARD,2.0,97.879
ALB,30.0,0 days 00:01:37.968000,15.0,HARD,2.0,97.968
ALB,31.0,0 days 00:01:38.135000,16.0,HARD,2.0,98.135
ALB,32.0,0 days 00:01:38.183000,17.0,HARD,2.0,98.183
ALB,33.0,0 days 00:01:38.346000,18.0,HARD,2.0,98.346
ALB,34.0,0 days 00:01:37.750000,19.0,HARD,2.0,97.75
ALB,35.0,0 days 00:01:37.767000,20.0,HARD,2.0,97.767
ALB,36.0,0 days 00:01:40.333000,21.0,HARD,2.0,100.333
ALB,38.0,0 days 00:01:36.129000,2.0,HARD,3.0,96.129
ALB,39.0,0 days 00:01:35.856000,3.0,HARD,3.0,95.856
ALB,40.0,0 days 00:01:35.723000,4.0,HARD,3.0,95.723
ALB,41.0,0 days 00:01:35.885000,5.0,HARD,3.0,95.885
ALB,42.0,0 days 00:01:35.799000,6.0,HARD,3.0,95.799
ALB,43.0,0 days 00:01:35.766000,7.0,HARD,3.0,95.766
ALB,44.0,0 days 00:01:35.783000,8.0,HARD,3.0,95.783
ALB,45.0,0 days 00:01:35.758000,9.0,HARD,3.0,95.758
ALB,46.0,0 days 00:01:36.008000,10.0,HARD,3.0,96.008
ALB,47.0,0 days 00:01:36.026000,11.0,HARD,3.0,96.026
ALB,48.0,0 days 00:01:36.135000,12.0,HARD,3.0,96.135
ALB,49.0,0 days 00:01:37.102000,13.0,HARD,3.0,97.102
ALB,50.0,0 days 00:01:37.616000,14.0,HARD,3.0,97.616
ALB,51.0,0 days 00:01:37.493000,15.0,HARD,3.0,97.493
ALB,52.0,0 days 00:01:36.218000,16.0,HARD,3.0,96.218
ALB,53.0,0 days 00:01:36.308000,17.0,HARD,3.0,96.308
ALB,54.0,0 days 00:01:36.334000,18.0,HARD,3.0,96.334
ALB,55.0,0 days 00:01:36.593000,19.0,HARD,3.0,96.593
ALB,56.0,0 days 00:01:36.922000,20.0,HARD,3.0,96.922
HUL,3.0,0 days 00:01:37.317000,2.0,HARD,2.0,97.317
HUL,4.0,0 days 00:01:37.349000,3.0,HARD,2.0,97.349
HUL,5.0,0 days 00:01:37.663000,4.0,HARD,2.0,97.663
HUL,6.0,0 days 00:01:37.896000,5.0,HARD,2.0,97.896
HUL,7.0,0 days 00:01:37.682000,6.0,HARD,2.0,97.682
HUL,8.0,0 days 00:01:37.820000,7.0,HARD,2.0,97.82
HUL,9.0,0 days 00:01:37.883000,8.0,HARD,2.0,97.883
HUL,10.0,0 days 00:01:38.370000,9.0,HARD,2.0,98.37
HUL,11.0,0 days 00:01:37.638000,10.0,HARD,2.0,97.638
HUL,12.0,0 days 00:01:37.706000,11.0,HARD,2.0,97.706
HUL,13.0,0 days 00:01:37.801000,12.0,HARD,2.0,97.801
HUL,14.0,0 days 00:01:37.879000,13.0,HARD,2.0,97.879
HUL,15.0,0 days 00:01:38.110000,14.0,HARD,2.0,98.11
HUL,16.0,0 days 00:01:37.796000,15.0,HARD,2.0,97.796
HUL,17.0,0 days 00:01:37.891000,16.0,HARD,2.0,97.891
HUL,18.0,0 days 00:01:38.216000,17.0,HARD,2.0,98.216
HUL,19.0,0 days 00:01:37.862000,18.0,HARD,2.0,97.862
HUL,20.0,0 days 00:01:40.798000,19.0,HARD,2.0,100.798
HUL,22.0,0 days 00:01:36.858000,2.0,HARD,3.0,96.858
HUL,23.0,0 days 00:01:36.725000,3.0,HARD,3.0,96.725
HUL,24.0,0 days 00:01:36.626000,4.0,HARD,3.0,96.626
HUL,25.0,0 days 00:01:36.652000,5.0,HARD,3.0,96.652
HUL,26.0,0 days 00:01:36.548000,6.0,HARD,3.0,96.548
HUL,27.0,0 days 00:01:36.647000,7.0,HARD,3.0,96.647
HUL,28.0,0 days 00:01:37.254000,8.0,HARD,3.0,97.254
HUL,29.0,0 days 00:01:36.837000,9.0,HARD,3.0,96.837
HUL,30.0,0 days 00:01:36.691000,10.0,HARD,3.0,96.691
HUL,31.0,0 days 00:01:36.578000,11.0,HARD,3.0,96.578
HUL,32.0,0 days 00:01:36.935000,12.0,HARD,3.0,96.935
HUL,33.0,0 days 00:01:36.784000,13.0,HARD,3.0,96.784
HUL,34.0,0 days 00:01:36.692000,14.0,HARD,3.0,96.692
HUL,35.0,0 days 00:01:36.959000,15.0,HARD,3.0,96.959
HUL,36.0,0 days 00:01:36.795000,16.0,HARD,3.0,96.795
HUL,37.0,0 days 00:01:36.723000,17.0,HARD,3.0,96.723
HUL,38.0,0 days 00:01:40.083000,18.0,HARD,3.0,100.083
HUL,39.0,0 days 00:01:37.476000,19.0,HARD,3.0,97.476
HUL,40.0,0 days 00:01:37.088000,20.0,HARD,3.0,97.088
HUL,41.0,0 days 00:01:39.569000,21.0,HARD,3.0,99.569
HUL,43.0,0 days 00:01:35.760000,3.0,SOFT,4.0,95.76
HUL,44.0,0 days 00:01:35.590000,4.0,SOFT,4.0,95.59
HUL,45.0,0 days 00:01:35.119000,5.0,SOFT,4.0,95.119
HUL,46.0,0 days 00:01:34.834000,6.0,SOFT,4.0,94.834
HUL,47.0,0 days 00:01:35.226000,7.0,SOFT,4.0,95.226
HUL,48.0,0 days 00:01:35.146000,8.0,SOFT,4.0,95.146
HUL,49.0,0 days 00:01:35.494000,9.0,SOFT,4.0,95.494
HUL,50.0,0 days 00:01:35.167000,10.0,SOFT,4.0,95.167
HUL,51.0,0 days 00:01:35.529000,11.0,SOFT,4.0,95.529
HUL,52.0,0 days 00:01:35.921000,12.0,SOFT,4.0,95.921
HUL,53.0,0 days 00:01:35.994000,13.0,SOFT,4.0,95.994
HUL,54.0,0 days 00:01:35.786000,14.0,SOFT,4.0,95.786
HUL,55.0,0 days 00:01:35.736000,15.0,SOFT,4.0,95.736
HUL,56.0,0 days 00:01:35.602000,16.0,SOFT,4.0,95.602
OCO,2.0,0 days 00:01:39.094000,2.0,SOFT,1.0,99.094
OCO,3.0,0 days 00:01:38.771000,3.0,SOFT,1.0,98.771
OCO,4.0,0 days 00:01:38.625000,4.0,SOFT,1.0,98.625
OCO,5.0,0 days 00:01:38.640000,5.0,SOFT,1.0,98.64
OCO,6.0,0 days 00:01:38.874000,6.0,SOFT,1.0,98.874
OCO,7.0,0 days 00:01:39.152000,7.0,SOFT,1.0,99.152
OCO,8.0,0 days 00:01:39.422000,8.0,SOFT,1.0,99.422
OCO,9.0,0 days 00:01:39.312000,9.0,SOFT,1.0,99.312
OCO,10.0,0 days 00:01:41.642000,10.0,SOFT,1.0,101.642
OCO,12.0,0 days 00:01:37.599000,2.0,HARD,2.0,97.599
OCO,13.0,0 days 00:01:37.363000,3.0,HARD,2.0,97.363
OCO,14.0,0 days 00:01:37.537000,4.0,HARD,2.0,97.537
OCO,15.0,0 days 00:01:37.843000,5.0,HARD,2.0,97.843
OCO,16.0,0 days 00:01:37.902000,6.0,HARD,2.0,97.902
OCO,17.0,0 days 00:01:38.911000,7.0,HARD,2.0,98.911
OCO,18.0,0 days 00:01:38.120000,8.0,HARD,2.0,98.12
OCO,19.0,0 days 00:01:38.332000,9.0,HARD,2.0,98.332
OCO,20.0,0 days 00:01:38.185000,10.0,HARD,2.0,98.185
OCO,21.0,0 days 00:01:39.363000,11.0,HARD,2.0,99.363
OCO,22.0,0 days 00:01:38.655000,12.0,HARD,2.0,98.655
OCO,23.0,0 days 00:01:38.407000,13.0,HARD,2.0,98.407
OCO,24.0,0 days 00:01:38.420000,14.0,HARD,2.0,98.42
OCO,25.0,0 days 00:01:38.494000,15.0,HARD,2.0,98.494
OCO,26.0,0 days 00:01:38.665000,16.0,HARD,2.0,98.665
OCO,27.0,0 days 00:01:38.549000,17.0,HARD,2.0,98.549
OCO,28.0,0 days 00:01:38.372000,18.0,HARD,2.0,98.372
OCO,29.0,0 days 00:01:38.556000,19.0,HARD,2.0,98.556
OCO,30.0,0 days 00:01:41.210000,20.0,HARD,2.0,101.21
OCO,32.0,0 days 00:01:36.887000,2.0,HARD,3.0,96.887
OCO,33.0,0 days 00:01:36.704000,3.0,HARD,3.0,96.704
OCO,34.0,0 days 00:01:36.226000,4.0,HARD,3.0,96.226
OCO,35.0,0 days 00:01:36.354000,5.0,HARD,3.0,96.354
OCO,36.0,0 days 00:01:37.229000,6.0,HARD,3.0,97.229
OCO,37.0,0 days 00:01:36.580000,7.0,HARD,3.0,96.58
OCO,38.0,0 days 00:01:36.814000,8.0,HARD,3.0,96.814
OCO,39.0,0 days 00:01:36.552000,9.0,HARD,3.0,96.552
OCO,40.0,0 days 00:01:36.608000,10.0,HARD,3.0,96.608
OCO,41.0,0 days 00:01:36.621000,11.0,HARD,3.0,96.621
OCO,42.0,0 days 00:01:36.592000,12.0,HARD,3.0,96.592
OCO,43.0,0 days 00:01:36.679000,13.0,HARD,3.0,96.679
OCO,44.0,0 days 00:01:36.649000,14.0,HARD,3.0,96.649
OCO,45.0,0 days 00:01:38.049000,15.0,HARD,3.0,98.049
OCO,46.0,0 days 00:01:36.975000,16.0,HARD,3.0,96.975
OCO,47.0,0 days 00:01:36.656000,17.0,HARD,3.0,96.656
OCO,48.0,0 days 00:01:37.117000,18.0,HARD,3.0,97.117
OCO,49.0,0 days 00:01:37.726000,19.0,HARD,3.0,97.726
OCO,50.0,0 days 00:01:37.784000,20.0,HARD,3.0,97.784
OCO,51.0,0 days 00:01:37.091000,21.0,HARD,3.0,97.091
OCO,52.0,0 days 00:01:38.631000,22.0,HARD,3.0,98.631
OCO,53.0,0 days 00:01:37.145000,23.0,HARD,3.0,97.145
OCO,54.0,0 days 00:01:38.707000,24.0,HARD,3.0,98.707
OCO,55.0,0 days 00:01:37.393000,25.0,HARD,3.0,97.393
OCO,56.0,0 days 00:01:37.415000,26.0,HARD,3.0,97.415
GAS,2.0,0 days 00:01:39.059000,2.0,SOFT,1.0,99.059
GAS,3.0,0 days 00:01:38.744000,3.0,SOFT,1.0,98.744
GAS,4.0,0 days 00:01:38.503000,4.0,SOFT,1.0,98.503
GAS,5.0,0 days 00:01:38.664000,5.0,SOFT,1.0,98.664
GAS,6.0,0 days 00:01:39.099000,6.0,SOFT,1.0,99.099
GAS,7.0,0 days 00:01:39.078000,7.0,SOFT,1.0,99.078
GAS,8.0,0 days 00:01:39.287000,8.0,SOFT,1.0,99.287
GAS,9.0,0 days 00:01:39.452000,9.0,SOFT,1.0,99.452
GAS,10.0,0 days 00:01:38.929000,10.0,SOFT,1.0,98.929
GAS,11.0,0 days 00:01:38.656000,11.0,SOFT,1.0,98.656
GAS,12.0,0 days 00:01:41.456000,12.0,SOFT,1.0,101.456
GAS,14.0,0 days 00:01:37.689000,2.0,HARD,2.0,97.689
GAS,15.0,0 days 00:01:37.492000,3.0,HARD,2.0,97.492
GAS,16.0,0 days 00:01:37.521000,4.0,HARD,2.0,97.521
GAS,17.0,0 days 00:01:37.949000,5.0,HARD,2.0,97.949
GAS,18.0,0 days 00:01:37.791000,6.0,HARD,2.0,97.791
GAS,19.0,0 days 00:01:37.702000,7.0,HARD,2.0,97.702
GAS,20.0,0 days 00:01:38.036000,8.0,HARD,2.0,98.036
GAS,21.0,0 days 00:01:38.094000,9.0,HARD,2.0,98.094
GAS,22.0,0 days 00:01:37.868000,10.0,HARD,2.0,97.868
GAS,23.0,0 days 00:01:38.104000,11.0,HARD,2.0,98.104
GAS,24.0,0 days 00:01:38.192000,12.0,HARD,2.0,98.192
GAS,25.0,0 days 00:01:38.160000,13.0,HARD,2.0,98.16
GAS,26.0,0 days 00:01:38.379000,14.0,HARD,2.0,98.379
GAS,27.0,0 days 00:01:38.400000,15.0,HARD,2.0,98.4
GAS,28.0,0 days 00:01:38.615000,16.0,HARD,2.0,98.615
GAS,29.0,0 days 00:01:38.550000,17.0,HARD,2.0,98.55
GAS,30.0,0 days 00:01:38.832000,18.0,HARD,2.0,98.832
GAS,31.0,0 days 00:01:40.432000,19.0,HARD,2.0,100.432
GAS,33.0,0 days 00:01:36.112000,2.0,HARD,3.0,96.112
GAS,34.0,0 days 00:01:36.622000,3.0,HARD,3.0,96.622
GAS,35.0,0 days 00:01:36.313000,4.0,HARD,3.0,96.313
GAS,36.0,0 days 00:01:36.450000,5.0,HARD,3.0,96.45
GAS,37.0,0 days 00:01:36.629000,6.0,HARD,3.0,96.629
GAS,38.0,0 days 00:01:36.802000,7.0,HARD,3.0,96.802
GAS,39.0,0 days 00:01:36.537000,8.0,HARD,3.0,96.537
GAS,40.0,0 days 00:01:36.742000,9.0,HARD,3.0,96.742
GAS,41.0,0 days 00:01:36.571000,10.0,HARD,3.0,96.571
GAS,42.0,0 days 00:01:36.631000,11.0,HARD,3.0,96.631
GAS,43.0,0 days 00:01:39.291000,12.0,HARD,3.0,99.291
GAS,45.0,0 days 00:01:34.805000,2.0,SOFT,4.0,94.805
GAS,46.0,0 days 00:01:35.293000,3.0,SOFT,4.0,95.293
GAS,47.0,0 days 00:01:35.341000,4.0,SOFT,4.0,95.341
GAS,48.0,0 days 00:01:35.411000,5.0,SOFT,4.0,95.411
GAS,49.0,0 days 00:01:35.511000,6.0,SOFT,4.0,95.511
GAS,50.0,0 days 00:01:35.228000,7.0,SOFT,4.0,95.228
GAS,51.0,0 days 00:01:35.334000,8.0,SOFT,4.0,95.334
GAS,52.0,0 days 00:01:35.511000,9.0,SOFT,4.0,95.511
GAS,53.0,0 days 00:01:35.389000,10.0,SOFT,4.0,95.389
GAS,54.0,0 days 00:01:35.853000,11.0,SOFT,4.0,95.853
GAS,55.0,0 days 00:01:35.908000,12.0,SOFT,4.0,95.908
GAS,56.0,0 days 00:01:36.086000,13.0,SOFT,4.0,96.086
BOT,2.0,0 days 00:01:38.259000,2.0,SOFT,1.0,98.259
BOT,3.0,0 days 00:01:38.837000,3.0,SOFT,1.0,98.837
BOT,4.0,0 days 00:01:38.643000,4.0,SOFT,1.0,98.643
BOT,5.0,0 days 00:01:40.087000,5.0,SOFT,1.0,100.087
BOT,6.0,0 days 00:01:39.206000,6.0,SOFT,1.0,99.206
BOT,7.0,0 days 00:01:38.654000,7.0,SOFT,1.0,98.654
BOT,8.0,0 days 00:01:38.968000,8.0,SOFT,1.0,98.968
BOT,9.0,0 days 00:01:39.425000,9.0,SOFT,1.0,99.425
BOT,10.0,0 days 00:01:39.112000,10.0,SOFT,1.0,99.112
BOT,11.0,0 days 00:01:39.187000,11.0,SOFT,1.0,99.187
BOT,12.0,0 days 00:01:43.145000,12.0,SOFT,1.0,103.145
BOT,14.0,0 days 00:01:36.454000,2.0,HARD,2.0,96.454
BOT,15.0,0 days 00:01:37.287000,3.0,HARD,2.0,97.287
BOT,16.0,0 days 00:01:37.718000,4.0,HARD,2.0,97.718
BOT,17.0,0 days 00:01:37.765000,5.0,HARD,2.0,97.765
BOT,18.0,0 days 00:01:37.918000,6.0,HARD,2.0,97.918
BOT,19.0,0 days 00:01:37.662000,7.0,HARD,2.0,97.662
BOT,20.0,0 days 00:01:38.285000,8.0,HARD,2.0,98.285
BOT,21.0,0 days 00:01:37.730000,9.0,HARD,2.0,97.73
BOT,22.0,0 days 00:01:37.998000,10.0,HARD,2.0,97.998
BOT,23.0,0 days 00:01:38.180000,11.0,HARD,2.0,98.18
BOT,24.0,0 days 00:01:38.146000,12.0,HARD,2.0,98.146
BOT,25.0,0 days 00:01:38.262000,13.0,HARD,2.0,98.262
BOT,26.0,0 days 00:01:38.308000,14.0,HARD,2.0,98.308
BOT,27.0,0 days 00:01:38.426000,15.0,HARD,2.0,98.426
BOT,28.0,0 days 00:01:38.595000,16.0,HARD,2.0,98.595
BOT,29.0,0 days 00:01:38.654000,17.0,HARD,2.0,98.654
BOT,30.0,0 days 00:01:41.252000,18.0,HARD,2.0,101.252
BOT,32.0,0 days 00:01:36.763000,2.0,HARD,3.0,96.763
BOT,33.0,0 days 00:01:36.202000,3.0,HARD,3.0,96.202
BOT,34.0,0 days 00:01:38.009000,4.0,HARD,3.0,98.009
BOT,35.0,0 days 00:01:36.578000,5.0,HARD,3.0,96.578
BOT,36.0,0 days 00:01:36.792000,6.0,HARD,3.0,96.792
BOT,37.0,0 days 00:01:38.008000,7.0,HARD,3.0,98.008
BOT,38.0,0 days 00:01:37.774000,8.0,HARD,3.0,97.774
BOT,39.0,0 days 00:01:37.189000,9.0,HARD,3.0,97.189
BOT,40.0,0 days 00:01:37.393000,10.0,HARD,3.0,97.393
BOT,41.0,0 days 00:01:36.437000,11.0,HARD,3.0,96.437
BOT,42.0,0 days 00:01:36.374000,12.0,HARD,3.0,96.374
BOT,43.0,0 days 00:01:36.569000,13.0,HARD,3.0,96.569
BOT,44.0,0 days 00:01:36.630000,14.0,HARD,3.0,96.63
BOT,45.0,0 days 00:01:36.663000,15.0,HARD,3.0,96.663
BOT,46.0,0 days 00:01:36.297000,16.0,HARD,3.0,96.297
BOT,47.0,0 days 00:01:36.604000,17.0,HARD,3.0,96.604
BOT,48.0,0 days 00:01:36.765000,18.0,HARD,3.0,96.765
BOT,49.0,0 days 00:01:36.910000,19.0,HARD,3.0,96.91
BOT,50.0,0 days 00:01:36.910000,20.0,HARD,3.0,96.91
BOT,51.0,0 days 00:01:36.819000,21.0,HARD,3.0,96.819
BOT,52.0,0 days 00:01:36.949000,22.0,HARD,3.0,96.949
BOT,53.0,0 days 00:01:39.035000,23.0,HARD,3.0,99.035
BOT,54.0,0 days 00:01:37.095000,24.0,HARD,3.0,97.095
BOT,55.0,0 days 00:01:37.205000,25.0,HARD,3.0,97.205
BOT,56.0,0 days 00:01:37.956000,26.0,HARD,3.0,97.956
SAR,2.0,0 days 00:01:38.481000,2.0,SOFT,1.0,98.481
SAR,3.0,0 days 00:01:38.707000,3.0,SOFT,1.0,98.707
SAR,4.0,0 days 00:01:38.390000,4.0,SOFT,1.0,98.39
SAR,5.0,0 days 00:01:38.757000,5.0,SOFT,1.0,98.757
SAR,6.0,0 days 00:01:38.582000,6.0,SOFT,1.0,98.582
SAR,7.0,0 days 00:01:39.464000,7.0,SOFT,1.0,99.464
SAR,8.0,0 days 00:01:39.580000,8.0,SOFT,1.0,99.58
SAR,9.0,0 days 00:01:39.366000,9.0,SOFT,1.0,99.366
SAR,12.0,0 days 00:01:38.493000,2.0,HARD,2.0,98.493
SAR,13.0,0 days 00:01:40.989000,3.0,HARD,2.0,100.989
SAR,14.0,0 days 00:01:41.470000,4.0,HARD,2.0,101.47
SAR,15.0,0 days 00:01:37.594000,5.0,HARD,2.0,97.594
SAR,16.0,0 days 00:01:41.370000,6.0,HARD,2.0,101.37
SAR,17.0,0 days 00:01:39.758000,7.0,HARD,2.0,99.758
SAR,18.0,0 days 00:01:38.077000,8.0,HARD,2.0,98.077
SAR,19.0,0 days 00:01:37.742000,9.0,HARD,2.0,97.742
SAR,20.0,0 days 00:01:37.820000,10.0,HARD,2.0,97.82
SAR,21.0,0 days 00:01:38.009000,11.0,HARD,2.0,98.009
SAR,22.0,0 days 00:01:37.728000,12.0,HARD,2.0,97.728
SAR,23.0,0 days 00:01:37.621000,13.0,HARD,2.0,97.621
SAR,24.0,0 days 00:01:39.437000,14.0,HARD,2.0,99.437
SAR,25.0,0 days 00:01:39.093000,15.0,HARD,2.0,99.093
SAR,26.0,0 days 00:01:37.859000,16.0,HARD,2.0,97.859
SAR,27.0,0 days 00:01:38.288000,17.0,HARD,2.0,98.288
SAR,28.0,0 days 00:01:40.535000,18.0,HARD,2.0,100.535
SAR,30.0,0 days 00:01:35.715000,2.0,HARD,3.0,95.715
SAR,31.0,0 days 00:01:36.713000,3.0,HARD,3.0,96.713
SAR,32.0,0 days 00:01:36.563000,4.0,HARD,3.0,96.563
SAR,33.0,0 days 00:01:37.433000,5.0,HARD,3.0,97.433
SAR,34.0,0 days 00:01:36.475000,6.0,HARD,3.0,96.475
SAR,35.0,0 days 00:01:36.859000,7.0,HARD,3.0,96.859
SAR,36.0,0 days 00:01:36.462000,8.0,HARD,3.0,96.462
SAR,37.0,0 days 00:01:36.785000,9.0,HARD,3.0,96.785
SAR,38.0,0 days 00:01:36.732000,10.0,HARD,3.0,96.732
SAR,39.0,0 days 00:01:37.016000,11.0,HARD,3.0,97.016
SAR,40.0,0 days 00:01:39.817000,12.0,HARD,3.0,99.817
SAR,42.0,0 days 00:01:34.735000,2.0,SOFT,4.0,94.735
SAR,43.0,0 days 00:01:35.001000,3.0,SOFT,4.0,95.001
SAR,44.0,0 days 00:01:35.130000,4.0,SOFT,4.0,95.13
SAR,45.0,0 days 00:01:35.333000,5.0,SOFT,4.0,95.333
SAR,46.0,0 days 00:01:35.939000,6.0,SOFT,4.0,95.939
SAR,47.0,0 days 00:01:36.729000,7.0,SOFT,4.0,96.729
SAR,48.0,0 days 00:01:35.688000,8.0,SOFT,4.0,95.688
SAR,49.0,0 days 00:01:35.590000,9.0,SOFT,4.0,95.59
SAR,50.0,0 days 00:01:35.660000,10.0,SOFT,4.0,95.66
SAR,51.0,0 days 00:01:35.972000,11.0,SOFT,4.0,95.972
SAR,52.0,0 days 00:01:35.987000,12.0,SOFT,4.0,95.987
SAR,53.0,0 days 00:01:36.088000,13.0,SOFT,4.0,96.088
SAR,54.0,0 days 00:01:39.614000,14.0,SOFT,4.0,99.614
SAR,55.0,0 days 00:01:36.209000,15.0,SOFT,4.0,96.209
